url,status_code,redirect_url,error,title,title_length,meta_description,meta_description_length,meta_robots,x_robots_tag,canonical,canonical_matches_url,lang,hreflang_count,h1_count,h1_text,h2_count,word_count,images_total,images_without_alt,schema_types,open_graph_title,open_graph_description,faq_count,tables_count,lists_count,links_internal,links_external,page_speed_hint,scraped_at
https://gastroshows.es/,200,,,Experiencias gastronómicas en Barcelona. Cenas con menú degustación,67,"Cenas Clandestinas, Shows en Casa, Team Building, Talleres y Cursos de Cocina Para Grupos y Empresas -GASTRONOMÍA, SABORES Y RECETAS",132,"index, follow, max-image-preview:large, max-snippet:-1, max-video-preview:-1",,https://gastroshows.es/,SI,es,0,0,,5,470,15,10,,GASTROSHOWS: ACTIVIDADES GASTRONÓMICAS EN BARCELONA,"✅ ¡Elije tu actividad gastronómica! que une alta cocina, música y espectáculo. ¿No sabes que hacer? Ven a nuestro show gastronómico en Barcelona ?",0,0,2,23,3,315.2 KB,2026-05-12T11:59:21.117454Z
https://gastroshows.es/mejores-restaurantes-menu-degustacion-barcelona/,200,,,Los mejores restaurantes con menú degustación de Barcelona,58,"En este post encontrarás los mejores restaurantes con menú degustación de Barcelona que no te puedes perder, ¡echa un vistazo!",126,"index, follow, max-image-preview:large, max-snippet:-1, max-video-preview:-1",,https://gastroshows.es/mejores-restaurantes-menu-degustacion-barcelona/,SI,es,0,1,Los mejores restaurantes con menú degustación Barcelona,9,1016,17,8,,Los mejores restaurantes con menú degustación de Barcelona,"En este post encontrarás los mejores restaurantes con menú degustación de Barcelona que no te puedes perder, ¡echa un vistazo!",0,0,2,27,19,367.4 KB,2026-05-12T11:59:23.525186Z
https://gastroshows.es/cena-clandestina-5/,200,,,Cena clandestina en Barcelona. Descubre una nueva experiencia,61,La cena clandestina de Barcelona! ✅ Tendréis que resolver enigmas y pistas para llegar. una cena original par ir en pareja o amigos,131,"index, follow, max-image-preview:large, max-snippet:-1, max-video-preview:-1",,https://gastroshows.es/cena-clandestina-5/,SI,es,0,1,La cena clandestina,10,1145,7,4,,GASTROSHOWS: ACTIVIDADES GASTRONÓMICAS EN BARCELONA,"✅ ¡Elije tu actividad gastronómica! que une alta cocina, música y espectáculo. ¿No sabes que hacer? Ven a nuestro show gastronómico en Barcelona ?",0,0,4,21,2,363.2 KB,2026-05-12T11:59:25.433084Z
https://gastroshows.es/restaurantes-de-barcelona-con-estrella-michelin-menu-mediodia/,200,,,El mejor listado de restaurantes de Barcelona con estrella y económicos,71,¿No te habías enterado que es posible comer en estos restaurantes con estrella de Barcelona por menos de 50€? Importante reservar mesa!,135,"index, follow, max-image-preview:large, max-snippet:-1, max-video-preview:-1",,https://gastroshows.es/restaurantes-de-barcelona-con-estrella-michelin-menu-mediodia/,SI,es,0,2,¡6 restaurantes de Barcelona con estrella Michelín por menos de 50€! | 4 Comentarios,11,1120,20,10,,El mejor listado de restaurantes de Barcelona con estrella y económicos,¿No te habías enterado que es posible comer en estos restaurantes con estrella de Barcelona por menos de 50€? Importante reservar mesa!,0,0,3,21,4,370.3 KB,2026-05-12T11:59:27.839432Z
https://gastroshows.es/los-mejores-menus-degustacion-para-regalar/,200,,,Los mejores menús degustación para regalar en Barcelona,55,En este post encontrarás los mejores menús degustación para regalar en Barcelona que te harán triunfar. Compartir es vivir. ¡Echa un vistazo!,141,"index, follow, max-image-preview:large, max-snippet:-1, max-video-preview:-1",,https://gastroshows.es/los-mejores-menus-degustacion-para-regalar/,SI,es,0,2,LOS MEJORES MENÚS DEGUSTACIÓN PARA REGALAR | 1 Comentario,8,966,15,7,,Los mejores menús degustación para regalar en Barcelona,En este post encontrarás los mejores menús degustación para regalar en Barcelona que te harán triunfar. Compartir es vivir. ¡Echa un vistazo!,0,0,2,28,14,360.3 KB,2026-05-12T11:59:29.963480Z
https://gastroshows.es/cenas-espectaculo-barcelona-secreta/,200,,,Las 6 cenas con espectáculo en Barcelona (y una es secreta),59,"En este post encontrarás las 6 mejores cenas con espectáculo en Barcelona (y una es secreta), ¡echa un vistazo!",111,"index, follow, max-image-preview:large, max-snippet:-1, max-video-preview:-1",,https://gastroshows.es/cenas-espectaculo-barcelona-secreta/,SI,es,0,2,Las 6 mejores cenas con espectáculo en Barcelona (y una es secreta) | Tablao de Carmen: magia flamenca en el Poble Espanyol,9,736,17,7,,Las 6 cenas con espectáculo en Barcelona (y una es secreta),"En este post encontrarás las 6 mejores cenas con espectáculo en Barcelona (y una es secreta), ¡echa un vistazo!",0,0,2,22,20,365.4 KB,2026-05-12T11:59:31.899019Z
https://gastroshows.es/bares-tapas-barcelona-baratos/,200,,,Bares tapas Barcelona baratos - ¡Por menos de 20€!,50,En este post encontrarás bares de tapas de Barcelona baratos donde disfrutarás de buenas tapas por menos de 20€. ¡Para llorar de gusto!,135,"index, follow, max-image-preview:large, max-snippet:-1, max-video-preview:-1",,https://gastroshows.es/bares-tapas-barcelona-baratos/,SI,es,0,1,Bares tapas barcelona baratos,16,1558,20,13,,Bares tapas Barcelona baratos - ¡Por menos de 20€!,En este post encontrarás bares de tapas de Barcelona baratos donde disfrutarás de buenas tapas por menos de 20€. ¡Para llorar de gusto!,0,0,2,23,13,366.8 KB,2026-05-12T11:59:33.719523Z
https://gastroshows.es/receta-de-fricando-de-ternera/,200,,,Receta de fricandó de ternera con todos los trucos y consejos,61,Receta de fricandó de ternera desde cómo comprar la carne hasta el tipo de setas que puedes utilizar. ¡La receta de fricandó de la abuela.,138,"index, follow, max-image-preview:large, max-snippet:-1, max-video-preview:-1",,https://gastroshows.es/receta-de-fricando-de-ternera/,SI,es,0,1,Receta de fricandó de ternera,6,1055,11,6,,Receta de fricandó de ternera con todos los trucos y consejos,Receta de fricandó de ternera desde cómo comprar la carne hasta el tipo de setas que puedes utilizar. ¡La receta de fricandó de la abuela.,0,0,6,20,2,355.4 KB,2026-05-12T11:59:35.636270Z
https://gastroshows.es/regalo-experiencia-gastronomica/,200,,,"Regalo experiencia gastronómica en Barcelona, vívela en Gastroshows ®",69,"Regalo experiencia gastronómica en Barcelona única y original donde se unen gastronomia, maridaje de vinos y muchas sorpresas. Una cena que vas a recordar!",155,"index, follow, max-image-preview:large, max-snippet:-1, max-video-preview:-1",,https://gastroshows.es/regalo-experiencia-gastronomica/,SI,es,0,1,regala una experiencia gastronómica,13,675,8,5,,GASTROSHOWS: Regala una experiencia gastrónomica unica,"✅ regala una cena clandestina que une alta cocina, música y espectáculo. ¿No sabes qué hacer? Ven a nuestro show gastronómico en Barcelona ?",0,0,2,18,6,323.4 KB,2026-05-12T11:59:37.476314Z
https://gastroshows.es/cheap-tapas-bars-in-barcelona/,200,,,Cheap Tapas Bars Barcelona - For less than 20€!,47,In this post you will find cheap tapas bars in Barcelona where you will enjoy good tapas for less than 20€. To cry with pleasure!,129,"index, follow, max-image-preview:large, max-snippet:-1, max-video-preview:-1",,https://gastroshows.es/en/cheap-tapas-bars-in-barcelona/,NO,es,0,1,Bars tapas barcelona cheap,16,1560,20,13,,Cheap Tapas Bars Barcelona - For less than 20€!,In this post you will find cheap tapas bars in Barcelona where you will enjoy good tapas for less than 20€. To cry with pleasure!,0,0,2,23,13,366.5 KB,2026-05-12T11:59:39.302504Z
https://gastroshows.es/the-best-restaurants-with-tasting-menu-in-barcelona/,200,,,The best restaurants with tasting menu in Barcelona,51,"In this post you will find the best restaurants with tasting menu in Barcelona that you can not miss, take a look!",114,"index, follow, max-image-preview:large, max-snippet:-1, max-video-preview:-1",,https://gastroshows.es/en/the-best-restaurants-with-tasting-menu-in-barcelona/,NO,es,0,1,The best restaurants with tasting menu Barcelona,9,1051,17,8,,The best restaurants with tasting menu in Barcelona,"In this post you will find the best restaurants with tasting menu in Barcelona that you can not miss, take a look!",0,0,2,27,19,367.4 KB,2026-05-12T11:59:41.179497Z
https://gastroshows.es/alquiler-espacio-gastronomico-en-barcelona/,200,,,Alquiler espacio gastronómico en Barcelona con cocina TPB equipada,66,"El mejor alquiler de espacio gastronómico en Barcelona, privado y totalmente equipado para celebrar tus eventos con quien quieras.",130,"index, follow, max-image-preview:large, max-snippet:-1, max-video-preview:-1",,https://gastroshows.es/alquiler-espacio-gastronomico-en-barcelona/,SI,es,0,1,ALQUILER ESPACIO GASTRONÓMICO EN BARCELONA,9,724,10,6,,Alquiler de espacio gastronómico en Barcelona único,Celebra tus reuniones o eventos en un ambiente exclusivo. ¡Ven a vernos!. Un espacio para eventos,0,0,2,21,5,370.7 KB,2026-05-12T11:59:43.713864Z
https://gastroshows.es/6-michelin-starred-restaurants-in-barcelona-for-less-than-50e/,200,,,The best list of starred and cheap restaurants in Barcelona,59,Haven't you heard that it is possible to eat at these starred restaurants in Barcelona for less than 50€? Important to reserve a table!,135,"index, follow, max-image-preview:large, max-snippet:-1, max-video-preview:-1",,https://gastroshows.es/en/6-michelin-starred-restaurants-in-barcelona-for-less-than-50e/,NO,es,0,1,6 Michelin-starred restaurants in Barcelona for less than 50€!,11,981,16,10,,The best list of starred and cheap restaurants in Barcelona,Haven't you heard that it is possible to eat at these starred restaurants in Barcelona for less than 50€? Important to reserve a table!,0,0,2,21,3,363.6 KB,2026-05-12T11:59:45.634692Z
https://gastroshows.es/tarjeta-regalo-cena-barcelona/,200,,,Tarjeta regalo cena Barcelona - Una experiencia gastronómica única,66,"Con la tarjeta regalo cena Barcelona sorprenderás con una auténtica experiencia llena de gastronomía, emociones y sorpresas. ¡Regala algo que no olvidarán!",155,"index, follow, max-image-preview:large, max-snippet:-1, max-video-preview:-1",,https://gastroshows.es/tarjeta-regalo-cena-barcelona/,SI,es,0,1,TARJETA REGALO CENA Barcelona,11,775,8,4,,Tarjeta regalo cena Barcelona - Una experiencia gastronómica única,"Con la tarjeta regalo cena Barcelona sorprenderás con una auténtica experiencia llena de gastronomía, emociones y sorpresas. ¡Regala algo que no olvidarán!",0,0,2,21,3,438.6 KB,2026-05-12T11:59:48.077196Z
https://gastroshows.es/hacer-algo-diferente-en-barcelona/,200,,,Hacer algo diferente en Barcelona. 6 planes que no te puedes saltar!,68,"¿Buscas hacer algo diferente en Barcelona? Aquí te dejamos un post con los planes más originales y sorprendentes para ti, tu amigos y tu pareja ❤️",146,"index, follow, max-image-preview:large, max-snippet:-1, max-video-preview:-1",,https://gastroshows.es/hacer-algo-diferente-en-barcelona/,SI,es,0,1,Hacer algo diferente en Barcelona,8,964,11,10,,Hacer algo diferente en Barcelona. 6 planes que no te puedes saltar!,"¿Buscas hacer algo diferente en Barcelona? Aquí te dejamos un post con los planes más originales y sorprendentes para ti, tu amigos y tu pareja ❤️",0,0,2,15,5,306.4 KB,2026-05-12T11:59:50.328222Z
https://gastroshows.es/tarjeta-regalo-cena-para-dos/,200,,,tarjeta regalo cena para dos - Gastroshows - experiencias gastronómicas,71,"✅ descubre la tarjeta regalo cena para dos y vive una experiencia unica y donde se unen gastronomia, maridaje de vinos, una cena que vas a recordar",147,"index, follow, max-image-preview:large, max-snippet:-1, max-video-preview:-1",,https://gastroshows.es/tarjeta-regalo-cena-para-dos/,SI,es,0,1,TARJETA REGALO CENA PARA DOS,11,779,8,4,,tarjeta regalo cena para dos - Gastroshows - experiencias gastronómicas,"✅ descubre la tarjeta regalo cena para dos y vive una experiencia unica y donde se unen gastronomia, maridaje de vinos, una cena que vas a recordar",0,0,2,20,3,380.3 KB,2026-05-12T11:59:52.717246Z
https://gastroshows.es/mejores-restaurantes-cocina-tradicional-catalana-barcelona/,200,,,Mejores restaurantes de cocina tradicional catalana en Barcelona,64,"En este post encontrarás los mejores restaurantes de cocina tradicional catalana en Barcelona que no te puedes perder, ¡echa un vistazo!",136,"index, follow, max-image-preview:large, max-snippet:-1, max-video-preview:-1",,https://gastroshows.es/mejores-restaurantes-cocina-tradicional-catalana-barcelona/,SI,es,0,1,Los mejores restaurantes de cocina tradicional catalana en Barcelona,8,1196,16,8,,Mejores restaurantes de cocina tradicional catalana en Barcelona,"En este post encontrarás los mejores restaurantes de cocina tradicional catalana en Barcelona que no te puedes perder, ¡echa un vistazo!",0,0,2,27,18,366.2 KB,2026-05-12T11:59:55.031594Z
https://gastroshows.es/restaurantes-playa-barcelona/,200,,,Los mejores restaurantes de playa Barcelona. Parada obligatoria,63,"En este post encontrarás los mejores restaurantes en la playa de Barcelona que no te puedes perder, ¡echa un vistazo y disfruta del solecito!",141,"index, follow, max-image-preview:large, max-snippet:-1, max-video-preview:-1",,https://gastroshows.es/restaurantes-playa-barcelona/,SI,es,0,1,Los mejores restaurantes playa barcelona,7,1090,16,7,,Los mejores restaurantes de playa Barcelona. Parada obligatoria,"En este post encontrarás los mejores restaurantes en la playa de Barcelona que no te puedes perder, ¡echa un vistazo y disfruta del solecito!",0,0,2,22,17,365.4 KB,2026-05-12T11:59:57.331093Z
https://gastroshows.es/cena-original-en-barcelona/,200,,,cena original en Barcelona al mejor precio ⭐ Gastroshows ®,58,"Di adiós a las clásicas cenas y vive una cena original en Barcelona especialmente para ti. Cenas privadas, aniversarios, cocina en directo, degustació...",153,"index, follow, max-image-preview:large, max-snippet:-1, max-video-preview:-1",,https://gastroshows.es/cena-original-en-barcelona/,SI,es,0,1,cena original en barcelona,19,854,17,16,,cena original en Barcelona al mejor precio ⭐ Gastroshows ®,"Di adiós a las clásicas cenas y vive una cena original en Barcelona especialmente para ti. Cenas privadas, aniversarios, cocina en directo, degustació...",0,0,2,27,2,311.1 KB,2026-05-12T11:59:59.610088Z
https://gastroshows.es/cena-secreta/,200,,,Cena degustación - Gastroshows - experiencias gastronómicas,59,"Preparate para un cena degustación en una noche diferente que rompa con la rutina. Menú de alta cocina, Maridaje de buen vino y muchas sorpresas",144,"index, follow, max-image-preview:large, max-snippet:-1, max-video-preview:-1",,https://gastroshows.es/cena-secreta/,SI,es,0,1,Cena clandestina de Barcelona,2,150,10,7,,Cena degustación - Gastroshows - experiencias gastronómicas,"Preparate para un cena degustación en una noche diferente que rompa con la rutina. Menú de alta cocina, Maridaje de buen vino y muchas sorpresas",0,0,2,10,3,322.5 KB,2026-05-12T12:00:02.305266Z
https://gastroshows.es/taller-cocteles-barcelona/,200,,,Taller de cócteles en Barcelona - Una actividad gastronomica única ?,68,En el taller de cócteles en Barcelona os convertiréis en bartenders y descubriréis los secretos de la mixología. Incluye degustación en un ambiente único ✅,155,"index, follow, max-image-preview:large, max-snippet:-1, max-video-preview:-1",,https://gastroshows.es/taller-cocteles-barcelona/,SI,es,0,1,TALLER DE CÓCTELES EN BARCELONA,10,733,4,2,,GASTROSHOWS: ACTIVIDADES GASTRONÓMICAS EN BARCELONA,"✅ ¡Elije tu actividad gastronómica! que une alta cocina, música y espectáculo. ¿No sabes que hacer? Ven a nuestro show gastronómico en Barcelona ?",0,0,2,24,2,336.5 KB,2026-05-12T12:00:04.564556Z
https://gastroshows.es/team-building-masterchef/,200,,,Team building masterchef en Barcelona | Gastroshows ®,53,¡El mejor team building en Barcelona es Masterchef! Cocina con tu equipo junto a nuestros chefs y disfruta del concurso y mucho más ¡Infórmate ahora!,149,"index, follow, max-image-preview:large, max-snippet:-1, max-video-preview:-1",,https://gastroshows.es/team-building-masterchef/,SI,es,0,1,TEAM BUILDING MASTERCHEF,10,566,6,2,,GASTROSHOWS: ACTIVIDADES GASTRONÓMICAS EN BARCELONA,"✅ ¡Elije tu actividad gastronómica! que une alta cocina, música y espectáculo. ¿No sabes que hacer? Ven a nuestro show gastronómico en Barcelona ?",0,0,2,19,1,333.1 KB,2026-05-12T12:00:07.181033Z
https://gastroshows.es/taller-de-sushi-barcelona/,200,,,Taller de sushi Barcelona para grupos - Reserva ahora | Gastroshows®,68,Reserva tu taller de sushi en Barcelona. Disfruta del curso de cocina japonesa y crea sushi de calidad cocinando con nuestros mejores chefs!,140,"index, follow, max-image-preview:large, max-snippet:-1, max-video-preview:-1",,https://gastroshows.es/taller-de-sushi-barcelona/,SI,es,0,1,taller de sushi barcelona,12,704,4,2,,GASTROSHOWS: ACTIVIDADES GASTRONÓMICAS EN BARCELONA,"✅ ¡Elije tu actividad gastronómica! que une alta cocina, música y espectáculo. ¿No sabes que hacer? Ven a nuestro show gastronómico en Barcelona ?",0,0,2,15,1,331.3 KB,2026-05-12T12:00:09.554704Z
https://gastroshows.es/potenciador-de-sabor-glutamato/,200,,,Potenciador de Sabor - Glutamato Monosódico | Gastroshows,57,¿Es malo el potenciador de sabor Glutamato Monosódico? Conoce las características y orígenes de los aditivos alimentarios más criticados.,137,"index, follow, max-image-preview:large, max-snippet:-1, max-video-preview:-1",,https://gastroshows.es/potenciador-de-sabor-glutamato/,SI,es,0,1,¿Es malo el glutamato monosódico?,6,1301,8,4,,Potenciador de Sabor - Glutamato Monosódico | Gastroshows,¿Es malo el potenciador de sabor Glutamato Monosódico? Conoce las características y orígenes de los aditivos alimentarios más criticados.,0,0,2,16,7,352.7 KB,2026-05-12T12:00:12.145009Z
https://gastroshows.es/cenas-privadas-barcelona/,200,,,Cenas privadas Barcelona con chef privado y cocina en directo,61,"Disfruta de las cenas privadas Barcelona con quién quieras en un espacio exclusivo en Barcelona, con menú degustación y maridaje, showcooking y mucho más!",154,"index, follow, max-image-preview:large, max-snippet:-1, max-video-preview:-1",,https://gastroshows.es/cenas-privadas-barcelona/,SI,es,0,1,Cenas privadas Barcelona,11,701,4,1,,Cenas privadas Barcelona con chef privado y cocina en directo,"Disfruta de las cenas privadas Barcelona con quién quieras en un espacio exclusivo en Barcelona, con menú degustación y maridaje, showcooking y mucho más!",0,0,2,17,1,386.2 KB,2026-05-12T12:00:14.801131Z
https://gastroshows.es/receta-de-caballa-marinada/,200,,,"receta de caballa marinada con citricos, muy fresca y sencilla",62,"receta de caballa marinada con citricos de forma facil y rica, aprende a elaborarla, A demas, te ensañamos la receta con un video expres.",137,"index, follow, max-image-preview:large, max-snippet:-1, max-video-preview:-1",,https://gastroshows.es/receta-de-caballa-marinada/,SI,es,0,2,Receta de caballa marinada con cítricos | 2 Comentarios,8,583,12,4,,"receta de caballa marinada con citricos, muy fresca y sencilla","receta de caballa marinada con citricos de forma facil y rica, aprende a elaborarla, A demas, te ensañamos la receta con un video expres.",0,0,4,22,4,363.4 KB,2026-05-12T12:00:17.350251Z
https://gastroshows.es/regalos-originales-barcelona-experiencias/,200,,,Regalos originales en Barcelona 2025 | Experiencia única,56,"¿Buscas regalos originales en Barcelona? Descubre experiencias únicas para sorprender en aniversarios, cumpleaños o sin motivo. ¡Inspírate!",139,"index, follow, max-image-preview:large, max-snippet:-1, max-video-preview:-1",,https://gastroshows.es/regalos-originales-barcelona-experiencias/,SI,es,0,2,Regalos originales en Barcelona: experiencias que no se pueden envolver | Regalos originales en Barcelona,2,534,8,4,,Regalos originales en Barcelona 2025 | Experiencia única,"¿Buscas regalos originales en Barcelona? Descubre experiencias únicas para sorprender en aniversarios, cumpleaños o sin motivo. ¡Inspírate!",0,0,9,23,5,288.8 KB,2026-05-12T12:00:19.955821Z
https://gastroshows.es/las-mejores-cenas-clandestinas-de-barcelona/,200,,,Las mejores cenas clandestinas de Barcelona,43,"En este post encontrarás las mejores cenas clandestinas de Barcelona que no te puedes perder, ¡echa un vistazo!",111,"index, follow, max-image-preview:large, max-snippet:-1, max-video-preview:-1",,https://gastroshows.es/las-mejores-cenas-clandestinas-de-barcelona/,SI,es,0,1,LAs mejores CENAS CLANDESTINAS Barcelona,8,1157,17,8,,Las mejores cenas clandestinas de Barcelona,"En este post encontrarás las mejores cenas clandestinas de Barcelona que no te puedes perder, ¡echa un vistazo!",0,0,2,26,20,368.3 KB,2026-05-12T12:00:22.365909Z
https://gastroshows.es/clandestine-dinner-barcelona/,200,,,Clandestine dinner in Barcelona. Discover a new experience,58,Clandestine dinner in Barcelona! ✅ You will have to solve riddles and clues to get there. Teamwork will be the key to success,125,"index, follow, max-image-preview:large, max-snippet:-1, max-video-preview:-1",,https://gastroshows.es/clandestine-dinner-barcelona/,SI,es,0,1,The clandestine dinner,10,1105,7,6,,GASTROSHOWS: GASTRONOMIC ACTIVITIES IN BARCELONA,"✅ Choose your gastronomic activity! combining haute cuisine, music and entertainment. Don't know what to do? Come to our gastronomic show in Barcelona ?",0,0,3,21,4,393.1 KB,2026-05-12T12:00:24.960950Z
https://gastroshows.es/la-merce-2025-barcelona-guia-completa/,200,,,La Mercè 2025 en Barcelona: guía completa de la fiesta mayor,60,"En este post encontrarás la uía completa de la fiesta mayor de Barcelona: La Mercè 2025, ¡echa un vistazo!",106,"index, follow, max-image-preview:large, max-snippet:-1, max-video-preview:-1",,https://gastroshows.es/la-merce-2025-barcelona-guia-completa/,SI,es,0,1,La Mercè 2025 en Barcelona: guía completa de la fiesta mayor,11,972,17,8,,La Mercè 2025 en Barcelona: guía completa de la fiesta mayor,"En este post encontrarás la uía completa de la fiesta mayor de Barcelona: La Mercè 2025, ¡echa un vistazo!",0,0,6,26,8,370.7 KB,2026-05-12T12:00:27.440089Z
https://gastroshows.es/las-mejores-terrazas-de-barcelona/,200,,,Las mejores terrazas de Barcelona - Parada obligatoria,54,"En este post encontrarás las mejores terrazas de Barcelona con un ambiente inigualable. Además, puedes ir cualquier día del año!",128,"index, follow, max-image-preview:large, max-snippet:-1, max-video-preview:-1",,https://gastroshows.es/las-mejores-terrazas-de-barcelona/,SI,es,0,1,Las mejores terrazas de Barcelona,7,828,11,9,,Las mejores terrazas de Barcelona - Parada obligatoria,"En este post encontrarás las mejores terrazas de Barcelona con un ambiente inigualable. Además, puedes ir cualquier día del año!",0,0,2,13,19,292.9 KB,2026-05-12T12:00:30.043853Z
https://gastroshows.es/sushi-workshop-barcelona/,200,,,Sushi workshop Barcelona for groups - Book now | Gastroshows®.,62,Book your sushi workshop in Barcelona. Enjoy the Japanese cooking course and create quality sushi cooking with our best chefs!,126,"index, follow, max-image-preview:large, max-snippet:-1, max-video-preview:-1",,https://gastroshows.es/en/sushi-workshop-barcelona/,NO,es,0,1,sushi workshop barcelona,12,766,7,5,,GASTROSHOWS: GASTRONOMIC ACTIVITIES IN BARCELONA,"✅ Choose your gastronomic activity! combining haute cuisine, music and entertainment. Don't know what to do? Come to our gastronomic show in Barcelona ?",0,0,2,17,2,368.3 KB,2026-05-12T12:00:32.387274Z
https://gastroshows.es/mejores-menus-del-dia-de-barcelona/,200,,,Cuatro menús del día de Barcelona con la mejor calidad precio,61,"En este post encontrarás cuatro menús del día con mejor relación calidad precio. Dónde comer bien de precio al mediodía, ¡echa un vistazo!",138,"index, follow, max-image-preview:large, max-snippet:-1, max-video-preview:-1",,https://gastroshows.es/mejores-menus-del-dia-de-barcelona/,SI,es,0,1,Los cuatro menús del día de barcelona con mejor calidad precio,9,1089,16,6,,Cuatro menús del día de Barcelona con la mejor calidad precio,"En este post encontrarás cuatro menús del día con mejor relación calidad precio. Dónde comer bien de precio al mediodía, ¡echa un vistazo!",0,0,2,24,16,368.2 KB,2026-05-12T12:00:35.054942Z
https://gastroshows.es/gift-card/,200,,,"Gastronomic experience in Barcelona as a gift, live it in Gastroshows ®.",72,"A unique and original gastronomic experience in Barcelona where gastronomy, wine pairing and many surprises come together. A dinner to remember!",144,"index, follow, max-image-preview:large, max-snippet:-1, max-video-preview:-1",,https://gastroshows.es/en/gift-card/,NO,es,0,1,GASTRONOMIC EXPERIENCE GIFT,13,653,7,5,,GASTROSHOWS: Give the gift of a unique gastronomic experience.,"✅ gives the gift of a clandestine dinner combining haute cuisine, music and entertainment. Don't know what to do? Come to our gastronomic show in Barcelona ?",0,0,2,18,4,310.8 KB,2026-05-12T12:00:37.608693Z
https://gastroshows.es/estopa-piromusical-barcelona-merce-2025/,200,,,Estopa pondrá banda sonora al Piromusical de la Mercè 2025,58,"Estopa pondrá banda sonora al Piromusical de la Mercè 2025, no te pierdas los detalles de este evento, ¡echa un vistazo!",120,"index, follow, max-image-preview:large, max-snippet:-1, max-video-preview:-1",,https://gastroshows.es/estopa-piromusical-barcelona-merce-2025/,SI,es,0,1,Estopa pondrá banda sonora al Piromusical de la Mercè 2025,7,596,13,5,,Estopa pondrá banda sonora al Piromusical de la Mercè 2025,"Estopa pondrá banda sonora al Piromusical de la Mercè 2025, no te pierdas los detalles de este evento, ¡echa un vistazo!",0,0,2,25,5,359.1 KB,2026-05-12T12:00:40.103436Z
https://gastroshows.es/cosas-que-hacer-con-tu-pareja-en-casa/,200,,,Cosas que hacer con tu pareja en casa divertidas. ¡5 planes geniales!,69,En este post encontrarás 5 planes de cosas que hacer con tu pareja en casa. Todos diferentes y muy divertidos. ¡Pasarlo bien con tu pareja en casa es fácil!,156,"index, follow, max-image-preview:large, max-snippet:-1, max-video-preview:-1",,https://gastroshows.es/cosas-que-hacer-con-tu-pareja-en-casa/,SI,es,0,1,Cosas que hacer con tu pareja en casa,10,1247,14,8,,Cosas que hacer con tu pareja en casa divertidas. ¡5 planes geniales!,En este post encontrarás 5 planes de cosas que hacer con tu pareja en casa. Todos diferentes y muy divertidos. ¡Pasarlo bien con tu pareja en casa es fácil!,0,0,2,24,6,357.5 KB,2026-05-12T12:00:42.629319Z
https://gastroshows.es/the-best-tasting-menus-for-gift-giving/,200,,,The best tasting menus to give as a gift in Barcelona,53,In this post you will find the best tasting menus to give as a gift in Barcelona that will make you succeed. Sharing is living. Take a look!,140,"index, follow, max-image-preview:large, max-snippet:-1, max-video-preview:-1",,https://gastroshows.es/en/the-best-tasting-menus-for-gift-giving/,NO,es,0,1,THE BEST TASTING MENUS FOR GIFT GIVING,8,949,14,7,,The best tasting menus to give as a gift in Barcelona,In this post you will find the best tasting menus to give as a gift in Barcelona that will make you succeed. Sharing is living. Take a look!,0,0,2,28,13,358.1 KB,2026-05-12T12:00:45.239549Z
https://gastroshows.es/the-best-cocktail-bars-in-barcelona-2/,200,,,The best beach restaurants in Barcelona. Mandatory stop,55,"In this post you will find the best restaurants on the beach in Barcelona that you can not miss, take a look and enjoy the sun!",127,"index, follow, max-image-preview:large, max-snippet:-1, max-video-preview:-1",,https://gastroshows.es/en/the-best-cocktail-bars-in-barcelona-2/,NO,es,0,1,The best beach restaurants in barcelona,7,1005,16,7,,The best beach restaurants in Barcelona. Mandatory stop,"In this post you will find the best restaurants on the beach in Barcelona that you can not miss, take a look and enjoy the sun!",0,0,2,22,17,364.9 KB,2026-05-12T12:00:47.695827Z
https://gastroshows.es/cena-creativa-en-casa/,200,,,Cena creativa en casa - Gastroshows®,36,"Relájate y prepara una noche diferente que rompa con la rutina. Menú de alta cocina. Elige un buen vino, relájate y disfruta. ponemos la gastronomica, tu...",156,"index, follow, max-image-preview:large, max-snippet:-1, max-video-preview:-1",,https://gastroshows.es/cena-creativa-en-casa/,SI,es,0,1,CENA DEGUSTACIÓN EN CASA,6,241,1,0,,Cena creativa en casa - Gastroshows®,"Relájate y prepara una noche diferente que rompa con la rutina. Menú de alta cocina. Elige un buen vino, relájate y disfruta. ponemos la gastronomica, tu...",0,0,0,0,1,262.0 KB,2026-05-12T12:00:50.206319Z
https://gastroshows.es/cena-clandestina-de-barcelona-grupos/,200,,,Cena clandestina para grupos,28,La cena clandestina de Barcelona! ✅ Tendréis que resolver enigmas y pistas para llegar. El trabajo en equipo será la clave del éxito...,135,"index, follow, max-image-preview:large, max-snippet:-1, max-video-preview:-1",,https://gastroshows.es/cena-clandestina-de-barcelona-grupos/,SI,es,0,2,La clandestina | CONTÁCTANOS,9,979,9,8,,GASTROSHOWS: ACTIVIDADES GASTRONÓMICAS EN BARCELONA,"✅ ¡Elije tu actividad gastronómica! que une alta cocina, música y espectáculo. ¿No sabes que hacer? Ven a nuestro show gastronómico en Barcelona ?",0,0,2,22,2,392.3 KB,2026-05-12T12:00:52.641742Z
https://gastroshows.es/the-best-clandestine-dinners-in-barcelona/,200,,,The best clandestine dinners in Barcelona,41,"In this post you will find the best clandestine dinners in Barcelona that you can't miss, take a look!",102,"index, follow, max-image-preview:large, max-snippet:-1, max-video-preview:-1",,https://gastroshows.es/en/the-best-clandestine-dinners-in-barcelona/,NO,es,0,1,The best CLANDESTINE DINNERS Barcelona,8,1114,17,8,,The best clandestine dinners in Barcelona,"In this post you will find the best clandestine dinners in Barcelona that you can't miss, take a look!",0,0,2,26,20,367.8 KB,2026-05-12T12:00:55.162840Z
https://gastroshows.es/3-gastronomic-space-for-rent-in-barcelona/,200,,,Gastronomic space for rent in Barcelona with equipped TPB kitchen,65,"The best gastronomic space rental in Barcelona, private and fully equipped to celebrate your events with whoever you want.",122,"index, follow, max-image-preview:large, max-snippet:-1, max-video-preview:-1",,https://gastroshows.es/en/3-gastronomic-space-for-rent-in-barcelona/,NO,es,0,1,GASTRONOMIC SPACE FOR RENT IN BARCELONA,9,725,10,6,,Unique gastronomic space for rent in Barcelona,"Celebrate your meetings or events in an exclusive atmosphere, come and see us! A space for events",0,0,2,21,5,370.1 KB,2026-05-12T12:00:57.665439Z
https://gastroshows.es/actividades-gastronomicas/,200,,,Actividades gastronómicas para grupos - Gastroshows®️,53,Las mejores actividades gastronómicas ideales para empresas y grupos. Descubre nuestra divertida oferta y anímate a cocinar como un chef.,137,"index, follow, max-image-preview:large, max-snippet:-1, max-video-preview:-1",,https://gastroshows.es/actividades-gastronomicas/,SI,es,0,1,actividades gastronómicas,12,564,9,6,,Las mejores actividades gastronómicas de barcelona,Actividades para grupos y empresa de alto nivel para disfrutar de la alta gastronomía,0,0,2,25,7,302.4 KB,2026-05-12T12:01:00.147988Z
https://gastroshows.es/cena-con-show-en-vivo/,200,,,Cena show en vivo en Barcelona en un espacio privado ✅Gastroshows,65,"✅ Si buscas una cena show en vivo en Barcelona con alta gastronomia, maridaje y en un espacio privado, ponte en contacto con nosotros y ven a disfrutar!",152,"index, follow, max-image-preview:large, max-snippet:-1, max-video-preview:-1",,https://gastroshows.es/cena-con-show-en-vivo/,SI,es,0,1,CENA con show en vivo,12,857,4,1,,Cena show en vivo en Barcelona en un espacio privado ✅Gastroshows,"✅ Si buscas una cena show en vivo en Barcelona con alta gastronomia, maridaje y en un espacio privado, ponte en contacto con nosotros y ven a disfrutar!",0,0,2,19,1,386.8 KB,2026-05-12T12:01:02.625891Z
https://gastroshows.es/team-building-cocina-barcelona/,200,,,Team building cocina Barcelona - Experiencias únicas - Gastroshows®,67,Las mejores actividades de team building cocina en Barcelona para empresas y grupos. Descubre nuestra oferta en actividades para empresas.,138,"index, follow, max-image-preview:large, max-snippet:-1, max-video-preview:-1",,https://gastroshows.es/team-building-cocina-barcelona/,SI,es,0,1,Team building cocina barcelona,12,553,9,8,,Las mejores actividades gastronómicas de barcelona,Actividades para grupos y empresa de alto nivel para disfrutar de la alta gastronomía,0,0,2,27,2,297.4 KB,2026-05-12T12:01:06.686503Z
https://gastroshows.es/talleres-gastronomicos/,200,,,Talleres gastronómicos en Barcelona - Gastroshows,49,"Los mejores talleres gastronómicos en Barcelona. Cócteles, catas y mucho más. Visita ahora nuestra amplia variedad en talleres gastronómicos.",141,"index, follow, max-image-preview:large, max-snippet:-1, max-video-preview:-1",,https://gastroshows.es/talleres-gastronomicos/,SI,es,0,1,talleres gastronómicos,14,588,11,10,,Las mejores actividades gastronómicas de barcelona,Actividades para grupos y empresa de alto nivel para disfrutar de la alta gastronomía,0,0,2,25,2,299.6 KB,2026-05-12T12:01:09.573708Z
https://gastroshows.es/regalos-originales-en-pareja/,200,,,Regalos originales en pareja que os encantarán ¡compartir es vivir!,67,"En este post encontrarás un listado de regalos originales en pareja para compartir más momentos inolvidables juntos, ¡echa un vistazo!",134,"index, follow, max-image-preview:large, max-snippet:-1, max-video-preview:-1",,https://gastroshows.es/regalos-originales-en-pareja/,SI,es,0,2,REGALOS ORIGINALES EN PAREJA | Enigmas divertidos E INSTATÁNEOS,8,1118,13,7,,Regalos originales en pareja que os encantarán ¡compartir es vivir!,"En este post encontrarás un listado de regalos originales en pareja para compartir más momentos inolvidables juntos, ¡echa un vistazo!",0,0,2,26,6,357.0 KB,2026-05-12T12:01:12.307193Z
https://gastroshows.es/planes-para-halloween-castanyada-en-barcelona/,200,,,Los mejores planes para halloween y la castanyada en Barcelona,62,"En este post encontrarás los mejores planes para Halloween y la castanyada en Barcelona este 2025, ¡echa un vistazo y no te los pierdas!",136,"index, follow, max-image-preview:large, max-snippet:-1, max-video-preview:-1",,https://gastroshows.es/planes-para-halloween-castanyada-en-barcelona/,SI,es,0,1,Los mejores planes para halloween y la castanyada en Barcelona,11,1316,18,8,,Los mejores planes para halloween y la castanyada en Barcelona,"En este post encontrarás los mejores planes para Halloween y la castanyada en Barcelona este 2025, ¡echa un vistazo y no te los pierdas!",0,0,2,27,19,374.4 KB,2026-05-12T12:01:14.760712Z
https://gastroshows.es/regalos-con-comida/,200,,,"Regalos con comida, la opción más sabrosa y original!",53,En este post encontrarás un listado de regalos con comida muy originales con los que sorprenderás a foodies y cocinillas. ¡Echa un vistazo!,139,"index, follow, max-image-preview:large, max-snippet:-1, max-video-preview:-1",,https://gastroshows.es/regalos-con-comida/,SI,es,0,1,REGALOS CON COMIDA,11,1181,15,7,,"Regalos con comida, la opción más sabrosa y original!",En este post encontrarás un listado de regalos con comida muy originales con los que sorprenderás a foodies y cocinillas. ¡Echa un vistazo!,0,0,2,28,4,358.6 KB,2026-05-12T12:01:17.284374Z
https://gastroshows.es/veal-fricando-recipe/,200,,,Veal fricandó recipe with all the tips and tricks,49,Veal fricandó recipe from how to buy the meat to the type of mushrooms you can use. Grandma's fricandó recipe.,110,"index, follow, max-image-preview:large, max-snippet:-1, max-video-preview:-1",,https://gastroshows.es/en/veal-fricando-recipe/,NO,es,0,1,Veal fricandó recipe,6,1049,11,6,,Veal fricandó recipe with all the tips and tricks,Veal fricandó recipe from how to buy the meat to the type of mushrooms you can use. Grandma's fricandó recipe.,0,0,6,20,2,354.4 KB,2026-05-12T12:01:19.939025Z
https://gastroshows.es/discover-7-secret-terraces-in-barcelona/,200,,,Discover 7 secret terraces in Barcelona!% % -% Gastroshows,58,"✅ Discover seven secret terraces in Barcelona that are authentic oases of peace to disconnect from the big city, take a look!",125,"index, follow, max-image-preview:large, max-snippet:-1, max-video-preview:-1",,https://gastroshows.es/en/discover-7-secret-terraces-in-barcelona/,NO,es,0,1,Discover 7 secret terraces in Barcelona!,1,955,10,5,,Discover 7 secret terraces in Barcelona!% % -% Gastroshows,"✅ Discover seven secret terraces in Barcelona that are authentic oases of peace to disconnect from the big city, take a look!",0,0,2,18,8,352.6 KB,2026-05-12T12:01:22.224607Z
https://gastroshows.es/curso-de-tapas-barcelona/,200,,,Curso de tapas Barcelona para grupos y empresas | Gastroshows ®,63,Ven a pasarlo en grande a nuestro curso de tapas Barcelona. Una actividad gastronómica donde la creatividad y la diversión están aseguradas.,140,"index, follow, max-image-preview:large, max-snippet:-1, max-video-preview:-1",,https://gastroshows.es/curso-de-tapas-barcelona/,SI,es,0,1,CURSO DE TAPAS BARCELONA,9,925,6,1,,GASTROSHOWS: ACTIVIDADES GASTRONÓMICAS EN BARCELONA,"✅ ¡Elije tu actividad gastronómica! que une alta cocina, música y espectáculo. ¿No sabes que hacer? Ven a nuestro show gastronómico en Barcelona ?",0,0,2,22,1,333.4 KB,2026-05-12T12:01:24.331461Z
https://gastroshows.es/donde-cenar-en-barcelona/,200,,,Donde cenar en Barcelona: los sitios más secretos de la ciudad,62,"En este post descubrirás dónde cenar en Barcelona en los sitios más secretos y divertidos de la ciudad. Si estás listo, ¡echa un vistazo!",137,"index, follow, max-image-preview:large, max-snippet:-1, max-video-preview:-1",,https://gastroshows.es/donde-cenar-en-barcelona/,SI,es,0,1,Donde cenar en Barcelona,11,1090,17,6,,Donde cenar en Barcelona: los sitios más secretos de la ciudad,"En este post descubrirás dónde cenar en Barcelona en los sitios más secretos y divertidos de la ciudad. Si estás listo, ¡echa un vistazo!",0,0,2,33,6,361.8 KB,2026-05-12T12:01:26.946460Z
https://gastroshows.es/things-to-do-with-your-partner-at-home/,200,,,Fun things to do with your partner at home. 5 great plans!,58,In this post you will find 5 plans of things to do with your partner at home. All different and very funny. Having fun with your partner at home is easy!,153,"index, follow, max-image-preview:large, max-snippet:-1, max-video-preview:-1",,https://gastroshows.es/en/things-to-do-with-your-partner-at-home/,NO,es,0,1,Things to do with your partner at home,10,1276,14,8,,Fun things to do with your partner at home. 5 great plans!,In this post you will find 5 plans of things to do with your partner at home. All different and very funny. Having fun with your partner at home is easy!,0,0,2,24,6,357.2 KB,2026-05-12T12:01:29.014031Z
https://gastroshows.es/despedida-soltera/,200,,,✅La mejor cena despedida soltera con Gastroshows,48,"Organizamos cada cena despedida soltera a medida. Una experiencia gastronómica que os encantará y recordaréis siempre ❤, ¡qué viva la novia!",140,"index, follow, max-image-preview:large, max-snippet:-1, max-video-preview:-1",,https://gastroshows.es/despedida-soltera/,SI,es,0,1,CENA DESPEDIDA SOLTERA,11,660,4,1,,✅La mejor cena despedida soltera con Gastroshows,"Organizamos cada cena despedida soltera a medida. Una experiencia gastronómica que os encantará y recordaréis siempre ❤, ¡qué viva la novia!",0,0,2,12,1,385.2 KB,2026-05-12T12:01:31.055018Z
https://gastroshows.es/the-best-rice-dishes-in-barcelona/,200,,,The best rice dishes in Barcelona -% Gastroshows®.,50,"Here you will discover the best rice dishes in Barcelona. Sea or mountain classics and many gastronomic novelties, you'll see!",126,"index, follow, max-image-preview:large, max-snippet:-1, max-video-preview:-1",,https://gastroshows.es/en/the-best-rice-dishes-in-barcelona/,NO,es,0,1,The best rice dishes in Barcelona,6,717,12,6,,The best rice dishes in Barcelona -% Gastroshows®.,"Here you will discover the best rice dishes in Barcelona. Sea or mountain classics and many gastronomic novelties, you'll see!",0,0,2,28,9,450.1 KB,2026-05-12T12:01:32.999185Z
https://gastroshows.es/team-building-kitchen-barcelona/,200,,,Team building kitchen Barcelona - Unique experiences - Gastroshows® - Gastroshows,81,The best team building activities in Barcelona for companies and groups. Discover our offer in activities for companies.,120,"index, follow, max-image-preview:large, max-snippet:-1, max-video-preview:-1",,https://gastroshows.es/en/team-building-kitchen-barcelona/,NO,es,0,1,Team building kitchen barcelona,13,584,10,9,,The best gastronomic activities in barcelona,Activities for groups and high-level companies to enjoy fine gastronomy,0,0,2,28,2,299.9 KB,2026-05-12T12:01:34.969596Z
https://gastroshows.es/the-best-terraces-in-barcelona/,200,,,The best terraces in Barcelona - A must-see stop,48,"In this post you will find the best terraces in Barcelona with a unique atmosphere. Plus, you can go any day of the year!",121,"index, follow, max-image-preview:large, max-snippet:-1, max-video-preview:-1",,https://gastroshows.es/en/the-best-terraces-in-barcelona/,NO,es,0,1,The best terraces in Barcelona,7,856,11,9,,The best terraces in Barcelona - A must-see stop,"In this post you will find the best terraces in Barcelona with a unique atmosphere. Plus, you can go any day of the year!",0,0,2,13,19,293.0 KB,2026-05-12T12:01:36.962198Z
https://gastroshows.es/ideas-para-san-valentin/,200,,,ideas para San Valentín - Las 5 mejores ideas para sorprender,61,¿Buscas las mejores ideas para triunfar en San Valentín? Aquí te dejamos un post con los regalos más originales y sorprendentes para tu pareja ❤️,145,"index, follow, max-image-preview:large, max-snippet:-1, max-video-preview:-1",,https://gastroshows.es/ideas-para-san-valentin/,SI,es,0,2,Ideas para San Valentín | 4 Comentarios,8,1143,14,9,,ideas para San Valentín - Las 5 mejores ideas para sorprender,¿Buscas las mejores ideas para triunfar en San Valentín? Aquí te dejamos un post con los regalos más originales y sorprendentes para tu pareja ❤️,0,0,2,14,6,303.7 KB,2026-05-12T12:01:38.923388Z
https://gastroshows.es/receta-de-arroz-meloso-con-setas/,200,,,Receta de fricandó de ternera con todos los trucos y consejor,61,Receta de fricandó de ternera desde cómo comprar la carne hasta el tipo de setas que puedes utilizar. La mejor receta para triunfar,131,"index, follow, max-image-preview:large, max-snippet:-1, max-video-preview:-1",,https://gastroshows.es/receta-de-arroz-meloso-con-setas/,SI,es,0,2,receta de arroz meloso con setas | 1 Comentario,8,995,12,5,,Receta de fricandó de ternera con todos los trucos y consejor,Receta de fricandó de ternera desde cómo comprar la carne hasta el tipo de setas que puedes utilizar. La mejor receta para triunfar,0,0,4,22,2,369.4 KB,2026-05-12T12:01:40.924029Z
https://gastroshows.es/where-to-dine-in-barcelona-the-most-secret-places-in-the-city/,200,,,Where to dine in Barcelona: the most secret places in the city,62,"In this post you will discover where to dine in Barcelona in the most secret and fun places in the city. If you're ready, take a look!",134,"index, follow, max-image-preview:large, max-snippet:-1, max-video-preview:-1",,https://gastroshows.es/en/where-to-dine-in-barcelona-the-most-secret-places-in-the-city/,NO,es,0,1,Where to dine in Barcelona,11,1130,17,6,,Where to dine in Barcelona: the most secret places in the city,"In this post you will discover where to dine in Barcelona in the most secret and fun places in the city. If you're ready, take a look!",0,0,2,33,6,362.4 KB,2026-05-12T12:01:42.943244Z
https://gastroshows.es/lugares-comer-en-barcelona-este-verano/,200,,,5 lugares para comer en Barcelona este verano,45,"Descubre lugares para comer como un local en Barcelona este verano 2025, sin turistas ni guías Michelin. ¡Explora la ciudad!",124,"index, follow, max-image-preview:large, max-snippet:-1, max-video-preview:-1",,https://gastroshows.es/lugares-comer-en-barcelona-este-verano/,SI,es,0,6,5 lugares para comer en Barcelona este verano | 1. PACO MERALGO: TAPAS SIN TRADUCCIÓN | 2. BAR CANYI: DONDE EL VINO MANDA,0,547,11,10,,5 lugares para comer en Barcelona este verano,"Descubre lugares para comer como un local en Barcelona este verano 2025, sin turistas ni guías Michelin. ¡Explora la ciudad!",0,0,3,23,5,294.8 KB,2026-05-12T12:01:44.924886Z
https://gastroshows.es/mellow-rice-with-mushrooms-recipe/,200,,,Recipe of veal fricandó with all the tips and tricks,52,Veal fricandó recipe from how to buy the meat to the type of mushrooms you can use. The best recipe for success,111,"index, follow, max-image-preview:large, max-snippet:-1, max-video-preview:-1",,https://gastroshows.es/en/mellow-rice-with-mushrooms-recipe/,NO,es,0,1,recipe for mellow rice with mushrooms,8,932,11,5,,Recipe of veal fricandó with all the tips and tricks,Veal fricandó recipe from how to buy the meat to the type of mushrooms you can use. The best recipe for success,0,0,4,22,2,367.3 KB,2026-05-12T12:01:46.991444Z
https://gastroshows.es/the-best-places-for-picnics-in-barcelona/,200,,,Discover the best places for Picnic in Barcelona | Gastroshows ®.,65,"Here you will find the best places for picnics in Barcelona. Enjoy an outdoor lunch or a romantic date, take a look!",116,"index, follow, max-image-preview:large, max-snippet:-1, max-video-preview:-1",,https://gastroshows.es/en/the-best-places-for-picnics-in-barcelona/,NO,es,0,1,The best places for picnics in Barcelona,6,969,11,5,,Discover the best places for Picnic in Barcelona | Gastroshows ®.,"Here you will find the best places for picnics in Barcelona. Enjoy an outdoor lunch or a romantic date, take a look!",0,0,2,28,7,449.7 KB,2026-05-12T12:01:48.981073Z
https://gastroshows.es/barcelona-dinner-gift-card/,200,,,Dinner gift card Barcelona - A unique gastronomic experience,60,"With the Barcelona dinner gift card you will surprise with an authentic experience full of gastronomy, emotions and surprises. Give something they won't forget!",160,"index, follow, max-image-preview:large, max-snippet:-1, max-video-preview:-1",,https://gastroshows.es/tarjeta-regalo-cena-barcelona/,NO,es,0,1,GIFT CARD DINNER Barcelona,11,856,8,4,,Dinner gift card Barcelona - A unique gastronomic experience,"With the Barcelona dinner gift card you will surprise with an authentic experience full of gastronomy, emotions and surprises. Give something they won't forget!",0,0,2,21,3,383.0 KB,2026-05-12T12:01:50.954757Z
https://gastroshows.es/sitios-picnic-barcelona/,200,,,Descubre los mejores sitios de Picnic en Barcelona | Gastroshows ®,66,"Aquí encontrarás los mejores sitios para picnic en Barcelona. Disfruta de un almuerzo al aire libre o una cita romántica, ¡echa un vistazo!",139,"index, follow, max-image-preview:large, max-snippet:-1, max-video-preview:-1",,https://gastroshows.es/sitios-picnic-barcelona/,SI,es,0,1,Los mejores sitios para Picnic en Barcelona,6,1063,13,4,,Descubre los mejores sitios de Picnic en Barcelona | Gastroshows ®,"Aquí encontrarás los mejores sitios para picnic en Barcelona. Disfruta de un almuerzo al aire libre o una cita romántica, ¡echa un vistazo!",0,0,2,28,8,453.4 KB,2026-05-12T12:01:52.875154Z
https://gastroshows.es/cocktail-workshop-barcelona/,200,,,Cocktail workshop in Barcelona - A unique gastronomic activity ?,64,In the cocktail workshop in Barcelona you will become bartenders and discover the secrets of mixology. Includes tasting in a unique environment ✅,145,"index, follow, max-image-preview:large, max-snippet:-1, max-video-preview:-1",,https://gastroshows.es/en/cocktail-workshop-barcelona/,NO,es,0,1,COCKTAIL WORKSHOP IN BARCELONA,10,785,7,4,,GASTROSHOWS: GASTRONOMIC ACTIVITIES IN BARCELONA,"✅ Choose your gastronomic activity! combining haute cuisine, music and entertainment. Don't know what to do? Come to our gastronomic show in Barcelona ?",0,0,2,26,3,373.8 KB,2026-05-12T12:01:54.854361Z
https://gastroshows.es/private-dinners-barcelona/,200,,,Private dinners Barcelona% % with private chef and live cooking,63,"Enjoy private dinners in Barcelona with whoever you want in an exclusive space in Barcelona, with tasting menu and wine pairing, showcooking and much more!",155,"index, follow, max-image-preview:large, max-snippet:-1, max-video-preview:-1",,https://gastroshows.es/en/private-dinners-barcelona/,NO,es,0,1,Private dinners Barcelona,11,737,7,4,,Private dinners Barcelona% % with private chef and live cooking,"Enjoy private dinners in Barcelona with whoever you want in an exclusive space in Barcelona, with tasting menu and wine pairing, showcooking and much more!",0,0,2,19,2,423.0 KB,2026-05-12T12:01:56.917046Z
https://gastroshows.es/dinner-with-live-show/,200,,,Live dinner show in Barcelona in a private space ✅Gastroshows,61,"If you are looking for a live dinner show in Barcelona with haute cuisine, wine pairing and in a private space, contact us and come and enjoy!",142,"index, follow, max-image-preview:large, max-snippet:-1, max-video-preview:-1",,https://gastroshows.es/en/dinner-with-live-show/,NO,es,0,1,DINNER with live show,12,884,7,4,,Live dinner show in Barcelona in a private space ✅Gastroshows,"If you are looking for a live dinner show in Barcelona with haute cuisine, wine pairing and in a private space, contact us and come and enjoy!",0,0,2,21,2,423.7 KB,2026-05-12T12:01:58.841764Z
